{"cameraMode":{"drawMode":0,"name":"Shaded","section":"Shading Mode"},"sceneLighting":true,"audioPlay":false,"sceneViewState":{"showFog":true,"showMaterialUpdate":false,"showSkybox":true,"showFlares":true,"showImageEffects":true,"showParticleSystems":true},"in2DMode":false,"pivot":{"x":3.3875038623809816,"y":1.2810027599334717,"z":-0.21628379821777345},"rotation":{"x":-0.07792985439300537,"y":0.2088097333908081,"z":-0.016928449273109437,"w":-0.9749580025672913},"size":3.111546516418457,"orthographic":false}