{"cameraMode":{"drawMode":0,"name":"Shaded","section":"Shading Mode"},"sceneLighting":false,"audioPlay":false,"sceneViewState":{"showFog":true,"showMaterialUpdate":false,"showSkybox":false,"showFlares":true,"showImageEffects":true,"showParticleSystems":true},"in2DMode":false,"pivot":{"x":1.4835000038146973,"y":0.0,"z":2.4735000133514406},"rotation":{"x":0.35026001930236819,"y":-0.2851753532886505,"z":0.11294922977685929,"w":0.8852017521858215},"size":11.910200119018555,"orthographic":false}